File,Class
/content/wangdataset/Images/641.jpg,6
/content/wangdataset/Images/686.jpg,6
/content/wangdataset/Images/976.jpg,9
/content/wangdataset/Images/756.jpg,7
/content/wangdataset/Images/475.jpg,4
/content/wangdataset/Images/92.jpg,0
/content/wangdataset/Images/122.jpg,1
/content/wangdataset/Images/880.jpg,8
/content/wangdataset/Images/767.jpg,7
/content/wangdataset/Images/155.jpg,1
/content/wangdataset/Images/552.jpg,5
/content/wangdataset/Images/613.jpg,6
/content/wangdataset/Images/741.jpg,7
/content/wangdataset/Images/349.jpg,3
/content/wangdataset/Images/630.jpg,6
/content/wangdataset/Images/953.jpg,9
/content/wangdataset/Images/815.jpg,8
/content/wangdataset/Images/372.jpg,3
/content/wangdataset/Images/388.jpg,3
/content/wangdataset/Images/253.jpg,2
/content/wangdataset/Images/998.jpg,9
/content/wangdataset/Images/133.jpg,1
/content/wangdataset/Images/445.jpg,4
/content/wangdataset/Images/646.jpg,6
/content/wangdataset/Images/621.jpg,6
/content/wangdataset/Images/533.jpg,5
/content/wangdataset/Images/134.jpg,1
/content/wangdataset/Images/100.jpg,1
/content/wangdataset/Images/381.jpg,3
/content/wangdataset/Images/359.jpg,3
/content/wangdataset/Images/951.jpg,9
/content/wangdataset/Images/911.jpg,9
/content/wangdataset/Images/513.jpg,5
/content/wangdataset/Images/538.jpg,5
/content/wangdataset/Images/28.jpg,0
/content/wangdataset/Images/185.jpg,1
/content/wangdataset/Images/619.jpg,6
/content/wangdataset/Images/794.jpg,7
/content/wangdataset/Images/816.jpg,8
/content/wangdataset/Images/544.jpg,5
/content/wangdataset/Images/832.jpg,8
/content/wangdataset/Images/116.jpg,1
/content/wangdataset/Images/371.jpg,3
/content/wangdataset/Images/399.jpg,3
/content/wangdataset/Images/217.jpg,2
/content/wangdataset/Images/876.jpg,8
/content/wangdataset/Images/919.jpg,9
/content/wangdataset/Images/277.jpg,2
/content/wangdataset/Images/886.jpg,8
/content/wangdataset/Images/864.jpg,8
/content/wangdataset/Images/840.jpg,8
/content/wangdataset/Images/103.jpg,1
/content/wangdataset/Images/207.jpg,2
/content/wangdataset/Images/473.jpg,4
/content/wangdataset/Images/457.jpg,4
/content/wangdataset/Images/176.jpg,1
/content/wangdataset/Images/180.jpg,1
/content/wangdataset/Images/656.jpg,6
/content/wangdataset/Images/437.jpg,4
/content/wangdataset/Images/653.jpg,6
/content/wangdataset/Images/308.jpg,3
/content/wangdataset/Images/138.jpg,1
/content/wangdataset/Images/258.jpg,2
/content/wangdataset/Images/193.jpg,1
/content/wangdataset/Images/94.jpg,0
/content/wangdataset/Images/364.jpg,3
/content/wangdataset/Images/827.jpg,8
/content/wangdataset/Images/459.jpg,4
/content/wangdataset/Images/985.jpg,9
/content/wangdataset/Images/163.jpg,1
/content/wangdataset/Images/195.jpg,1
/content/wangdataset/Images/898.jpg,8
/content/wangdataset/Images/190.jpg,1
/content/wangdataset/Images/331.jpg,3
/content/wangdataset/Images/31.jpg,0
/content/wangdataset/Images/53.jpg,0
/content/wangdataset/Images/866.jpg,8
/content/wangdataset/Images/36.jpg,0
/content/wangdataset/Images/391.jpg,3
/content/wangdataset/Images/314.jpg,3
/content/wangdataset/Images/225.jpg,2
/content/wangdataset/Images/224.jpg,2
/content/wangdataset/Images/607.jpg,6
/content/wangdataset/Images/903.jpg,9
/content/wangdataset/Images/58.jpg,0
/content/wangdataset/Images/130.jpg,1
/content/wangdataset/Images/836.jpg,8
/content/wangdataset/Images/761.jpg,7
/content/wangdataset/Images/809.jpg,8
/content/wangdataset/Images/688.jpg,6
/content/wangdataset/Images/165.jpg,1
/content/wangdataset/Images/341.jpg,3
/content/wangdataset/Images/736.jpg,7
/content/wangdataset/Images/48.jpg,0
/content/wangdataset/Images/444.jpg,4
/content/wangdataset/Images/261.jpg,2
/content/wangdataset/Images/177.jpg,1
/content/wangdataset/Images/501.jpg,5
/content/wangdataset/Images/260.jpg,2
/content/wangdataset/Images/491.jpg,4
/content/wangdataset/Images/814.jpg,8
/content/wangdataset/Images/326.jpg,3
/content/wangdataset/Images/770.jpg,7
/content/wangdataset/Images/680.jpg,6
/content/wangdataset/Images/42.jpg,0
/content/wangdataset/Images/986.jpg,9
/content/wangdataset/Images/977.jpg,9
/content/wangdataset/Images/930.jpg,9
/content/wangdataset/Images/804.jpg,8
/content/wangdataset/Images/944.jpg,9
/content/wangdataset/Images/75.jpg,0
/content/wangdataset/Images/687.jpg,6
/content/wangdataset/Images/616.jpg,6
/content/wangdataset/Images/69.jpg,0
/content/wangdataset/Images/423.jpg,4
/content/wangdataset/Images/838.jpg,8
/content/wangdataset/Images/443.jpg,4
/content/wangdataset/Images/70.jpg,0
/content/wangdataset/Images/551.jpg,5
/content/wangdataset/Images/890.jpg,8
/content/wangdataset/Images/606.jpg,6
/content/wangdataset/Images/417.jpg,4
/content/wangdataset/Images/799.jpg,7
/content/wangdataset/Images/825.jpg,8
/content/wangdataset/Images/546.jpg,5
/content/wangdataset/Images/401.jpg,4
/content/wangdataset/Images/869.jpg,8
/content/wangdataset/Images/448.jpg,4
/content/wangdataset/Images/567.jpg,5
/content/wangdataset/Images/618.jpg,6
/content/wangdataset/Images/917.jpg,9
/content/wangdataset/Images/685.jpg,6
/content/wangdataset/Images/81.jpg,0
/content/wangdataset/Images/438.jpg,4
/content/wangdataset/Images/237.jpg,2
/content/wangdataset/Images/379.jpg,3
/content/wangdataset/Images/940.jpg,9
/content/wangdataset/Images/906.jpg,9
/content/wangdataset/Images/363.jpg,3
/content/wangdataset/Images/487.jpg,4
/content/wangdataset/Images/997.jpg,9
/content/wangdataset/Images/310.jpg,3
/content/wangdataset/Images/811.jpg,8
/content/wangdataset/Images/477.jpg,4
/content/wangdataset/Images/427.jpg,4
/content/wangdataset/Images/818.jpg,8
/content/wangdataset/Images/168.jpg,1
/content/wangdataset/Images/803.jpg,8
/content/wangdataset/Images/171.jpg,1
/content/wangdataset/Images/236.jpg,2
/content/wangdataset/Images/118.jpg,1
/content/wangdataset/Images/950.jpg,9
/content/wangdataset/Images/678.jpg,6
/content/wangdataset/Images/325.jpg,3
/content/wangdataset/Images/590.jpg,5
/content/wangdataset/Images/251.jpg,2
/content/wangdataset/Images/812.jpg,8
/content/wangdataset/Images/234.jpg,2
/content/wangdataset/Images/959.jpg,9
/content/wangdataset/Images/218.jpg,2
/content/wangdataset/Images/972.jpg,9
/content/wangdataset/Images/80.jpg,0
/content/wangdataset/Images/772.jpg,7
/content/wangdataset/Images/19.jpg,0
/content/wangdataset/Images/281.jpg,2
/content/wangdataset/Images/220.jpg,2
/content/wangdataset/Images/105.jpg,1
/content/wangdataset/Images/562.jpg,5
/content/wangdataset/Images/913.jpg,9
/content/wangdataset/Images/466.jpg,4
/content/wangdataset/Images/51.jpg,0
/content/wangdataset/Images/968.jpg,9
/content/wangdataset/Images/11.jpg,0
/content/wangdataset/Images/222.jpg,2
/content/wangdataset/Images/645.jpg,6
/content/wangdataset/Images/152.jpg,1
/content/wangdataset/Images/505.jpg,5
/content/wangdataset/Images/107.jpg,1
/content/wangdataset/Images/636.jpg,6
/content/wangdataset/Images/627.jpg,6
/content/wangdataset/Images/76.jpg,0
/content/wangdataset/Images/798.jpg,7
/content/wangdataset/Images/3.jpg,0
/content/wangdataset/Images/888.jpg,8
/content/wangdataset/Images/723.jpg,7
/content/wangdataset/Images/583.jpg,5
/content/wangdataset/Images/831.jpg,8
/content/wangdataset/Images/255.jpg,2
/content/wangdataset/Images/835.jpg,8
/content/wangdataset/Images/598.jpg,5
/content/wangdataset/Images/823.jpg,8
/content/wangdataset/Images/350.jpg,3
/content/wangdataset/Images/596.jpg,5
/content/wangdataset/Images/271.jpg,2
/content/wangdataset/Images/106.jpg,1
/content/wangdataset/Images/219.jpg,2
/content/wangdataset/Images/539.jpg,5
/content/wangdataset/Images/934.jpg,9
/content/wangdataset/Images/779.jpg,7
/content/wangdataset/Images/764.jpg,7
/content/wangdataset/Images/87.jpg,0
/content/wangdataset/Images/256.jpg,2
/content/wangdataset/Images/409.jpg,4
/content/wangdataset/Images/763.jpg,7
/content/wangdataset/Images/247.jpg,2
/content/wangdataset/Images/361.jpg,3
/content/wangdataset/Images/548.jpg,5
/content/wangdataset/Images/587.jpg,5
/content/wangdataset/Images/579.jpg,5
/content/wangdataset/Images/159.jpg,1
/content/wangdataset/Images/614.jpg,6
/content/wangdataset/Images/301.jpg,3
/content/wangdataset/Images/186.jpg,1
/content/wangdataset/Images/775.jpg,7
/content/wangdataset/Images/724.jpg,7
/content/wangdataset/Images/504.jpg,5
/content/wangdataset/Images/901.jpg,9
/content/wangdataset/Images/355.jpg,3
/content/wangdataset/Images/320.jpg,3
/content/wangdataset/Images/394.jpg,3
/content/wangdataset/Images/758.jpg,7
/content/wangdataset/Images/842.jpg,8
/content/wangdataset/Images/460.jpg,4
/content/wangdataset/Images/380.jpg,3
/content/wangdataset/Images/126.jpg,1
/content/wangdataset/Images/43.jpg,0
/content/wangdataset/Images/20.jpg,0
/content/wangdataset/Images/663.jpg,6
/content/wangdataset/Images/958.jpg,9
/content/wangdataset/Images/603.jpg,6
/content/wangdataset/Images/508.jpg,5
/content/wangdataset/Images/262.jpg,2
/content/wangdataset/Images/346.jpg,3
/content/wangdataset/Images/802.jpg,8
/content/wangdataset/Images/263.jpg,2
/content/wangdataset/Images/434.jpg,4
/content/wangdataset/Images/647.jpg,6
/content/wangdataset/Images/377.jpg,3
/content/wangdataset/Images/26.jpg,0
/content/wangdataset/Images/430.jpg,4
/content/wangdataset/Images/203.jpg,2
/content/wangdataset/Images/453.jpg,4
/content/wangdataset/Images/395.jpg,3
/content/wangdataset/Images/214.jpg,2
/content/wangdataset/Images/610.jpg,6
/content/wangdataset/Images/142.jpg,1
/content/wangdataset/Images/822.jpg,8
/content/wangdataset/Images/96.jpg,0
/content/wangdataset/Images/402.jpg,4
/content/wangdataset/Images/0.jpg,0
/content/wangdataset/Images/397.jpg,3
/content/wangdataset/Images/167.jpg,1
/content/wangdataset/Images/88.jpg,0
/content/wangdataset/Images/671.jpg,6
/content/wangdataset/Images/568.jpg,5
/content/wangdataset/Images/21.jpg,0
/content/wangdataset/Images/632.jpg,6
/content/wangdataset/Images/474.jpg,4
/content/wangdataset/Images/547.jpg,5
/content/wangdataset/Images/755.jpg,7
/content/wangdataset/Images/844.jpg,8
/content/wangdataset/Images/435.jpg,4
/content/wangdataset/Images/991.jpg,9
/content/wangdataset/Images/323.jpg,3
/content/wangdataset/Images/926.jpg,9
/content/wangdataset/Images/334.jpg,3
/content/wangdataset/Images/110.jpg,1
/content/wangdataset/Images/342.jpg,3
/content/wangdataset/Images/104.jpg,1
/content/wangdataset/Images/774.jpg,7
/content/wangdataset/Images/414.jpg,4
/content/wangdataset/Images/713.jpg,7
/content/wangdataset/Images/639.jpg,6
/content/wangdataset/Images/805.jpg,8
/content/wangdataset/Images/211.jpg,2
/content/wangdataset/Images/925.jpg,9
/content/wangdataset/Images/288.jpg,2
/content/wangdataset/Images/89.jpg,0
/content/wangdataset/Images/931.jpg,9
/content/wangdataset/Images/789.jpg,7
/content/wangdataset/Images/617.jpg,6
/content/wangdataset/Images/750.jpg,7
/content/wangdataset/Images/894.jpg,8
/content/wangdataset/Images/162.jpg,1
/content/wangdataset/Images/863.jpg,8
/content/wangdataset/Images/899.jpg,8
/content/wangdataset/Images/699.jpg,6
/content/wangdataset/Images/405.jpg,4
/content/wangdataset/Images/454.jpg,4
/content/wangdataset/Images/442.jpg,4
/content/wangdataset/Images/120.jpg,1
/content/wangdataset/Images/874.jpg,8
/content/wangdataset/Images/593.jpg,5
/content/wangdataset/Images/313.jpg,3
/content/wangdataset/Images/704.jpg,7
/content/wangdataset/Images/146.jpg,1
/content/wangdataset/Images/892.jpg,8
/content/wangdataset/Images/706.jpg,7
/content/wangdataset/Images/97.jpg,0
/content/wangdataset/Images/845.jpg,8
/content/wangdataset/Images/248.jpg,2
/content/wangdataset/Images/374.jpg,3
/content/wangdataset/Images/594.jpg,5
/content/wangdataset/Images/465.jpg,4
/content/wangdataset/Images/464.jpg,4
/content/wangdataset/Images/71.jpg,0
/content/wangdataset/Images/666.jpg,6
/content/wangdataset/Images/867.jpg,8
/content/wangdataset/Images/416.jpg,4
/content/wangdataset/Images/602.jpg,6
/content/wangdataset/Images/456.jpg,4
/content/wangdataset/Images/658.jpg,6
/content/wangdataset/Images/511.jpg,5
/content/wangdataset/Images/557.jpg,5
/content/wangdataset/Images/638.jpg,6
/content/wangdataset/Images/25.jpg,0
/content/wangdataset/Images/482.jpg,4
/content/wangdataset/Images/554.jpg,5
/content/wangdataset/Images/436.jpg,4
/content/wangdataset/Images/338.jpg,3
/content/wangdataset/Images/742.jpg,7
/content/wangdataset/Images/527.jpg,5
/content/wangdataset/Images/766.jpg,7
/content/wangdataset/Images/875.jpg,8
/content/wangdataset/Images/682.jpg,6
/content/wangdataset/Images/172.jpg,1
/content/wangdataset/Images/573.jpg,5
/content/wangdataset/Images/524.jpg,5
/content/wangdataset/Images/873.jpg,8
/content/wangdataset/Images/884.jpg,8
/content/wangdataset/Images/853.jpg,8
/content/wangdataset/Images/689.jpg,6
/content/wangdataset/Images/757.jpg,7
/content/wangdataset/Images/746.jpg,7
/content/wangdataset/Images/37.jpg,0
/content/wangdataset/Images/315.jpg,3
/content/wangdataset/Images/7.jpg,0
/content/wangdataset/Images/376.jpg,3
/content/wangdataset/Images/948.jpg,9
/content/wangdataset/Images/555.jpg,5
/content/wangdataset/Images/306.jpg,3
/content/wangdataset/Images/975.jpg,9
/content/wangdataset/Images/879.jpg,8
/content/wangdataset/Images/826.jpg,8
/content/wangdataset/Images/955.jpg,9
/content/wangdataset/Images/982.jpg,9
/content/wangdataset/Images/739.jpg,7
/content/wangdataset/Images/462.jpg,4
/content/wangdataset/Images/175.jpg,1
/content/wangdataset/Images/561.jpg,5
/content/wangdataset/Images/542.jpg,5
/content/wangdataset/Images/93.jpg,0
/content/wangdataset/Images/920.jpg,9
/content/wangdataset/Images/631.jpg,6
/content/wangdataset/Images/541.jpg,5
/content/wangdataset/Images/24.jpg,0
/content/wangdataset/Images/40.jpg,0
/content/wangdataset/Images/586.jpg,5
/content/wangdataset/Images/777.jpg,7
/content/wangdataset/Images/580.jpg,5
/content/wangdataset/Images/1.jpg,0
/content/wangdataset/Images/232.jpg,2
/content/wangdataset/Images/591.jpg,5
/content/wangdataset/Images/184.jpg,1
/content/wangdataset/Images/582.jpg,5
/content/wangdataset/Images/280.jpg,2
/content/wangdataset/Images/339.jpg,3
/content/wangdataset/Images/526.jpg,5
/content/wangdataset/Images/943.jpg,9
/content/wangdataset/Images/995.jpg,9
/content/wangdataset/Images/929.jpg,9
/content/wangdataset/Images/47.jpg,0
/content/wangdataset/Images/257.jpg,2
/content/wangdataset/Images/389.jpg,3
/content/wangdataset/Images/732.jpg,7
/content/wangdataset/Images/79.jpg,0
/content/wangdataset/Images/599.jpg,5
/content/wangdataset/Images/229.jpg,2
/content/wangdataset/Images/578.jpg,5
/content/wangdataset/Images/712.jpg,7
/content/wangdataset/Images/657.jpg,6
/content/wangdataset/Images/581.jpg,5
/content/wangdataset/Images/819.jpg,8
/content/wangdataset/Images/49.jpg,0
/content/wangdataset/Images/198.jpg,1
/content/wangdataset/Images/329.jpg,3
/content/wangdataset/Images/801.jpg,8
/content/wangdataset/Images/345.jpg,3
/content/wangdataset/Images/868.jpg,8
/content/wangdataset/Images/833.jpg,8
/content/wangdataset/Images/921.jpg,9
/content/wangdataset/Images/737.jpg,7
/content/wangdataset/Images/62.jpg,0
/content/wangdataset/Images/347.jpg,3
/content/wangdataset/Images/936.jpg,9
/content/wangdataset/Images/461.jpg,4
/content/wangdataset/Images/744.jpg,7
/content/wangdataset/Images/847.jpg,8
/content/wangdataset/Images/512.jpg,5
/content/wangdataset/Images/292.jpg,2
/content/wangdataset/Images/620.jpg,6
/content/wangdataset/Images/9.jpg,0
/content/wangdataset/Images/124.jpg,1
/content/wangdataset/Images/400.jpg,4
/content/wangdataset/Images/996.jpg,9
/content/wangdataset/Images/720.jpg,7
/content/wangdataset/Images/151.jpg,1
/content/wangdataset/Images/200.jpg,2
/content/wangdataset/Images/129.jpg,1
/content/wangdataset/Images/560.jpg,5
/content/wangdataset/Images/56.jpg,0
/content/wangdataset/Images/480.jpg,4
/content/wangdataset/Images/904.jpg,9
/content/wangdataset/Images/46.jpg,0
/content/wangdataset/Images/669.jpg,6
/content/wangdataset/Images/5.jpg,0
/content/wangdataset/Images/797.jpg,7
/content/wangdataset/Images/626.jpg,6
/content/wangdataset/Images/352.jpg,3
/content/wangdataset/Images/294.jpg,2
/content/wangdataset/Images/78.jpg,0
/content/wangdataset/Images/782.jpg,7
/content/wangdataset/Images/759.jpg,7
/content/wangdataset/Images/862.jpg,8
/content/wangdataset/Images/246.jpg,2
/content/wangdataset/Images/947.jpg,9
/content/wangdataset/Images/659.jpg,6
/content/wangdataset/Images/999.jpg,9
/content/wangdataset/Images/111.jpg,1
/content/wangdataset/Images/170.jpg,1
/content/wangdataset/Images/164.jpg,1
/content/wangdataset/Images/848.jpg,8
/content/wangdataset/Images/988.jpg,9
/content/wangdataset/Images/189.jpg,1
/content/wangdataset/Images/701.jpg,7
/content/wangdataset/Images/112.jpg,1
/content/wangdataset/Images/516.jpg,5
/content/wangdataset/Images/476.jpg,4
/content/wangdataset/Images/966.jpg,9
/content/wangdataset/Images/828.jpg,8
/content/wangdataset/Images/431.jpg,4
/content/wangdataset/Images/945.jpg,9
/content/wangdataset/Images/30.jpg,0
/content/wangdataset/Images/121.jpg,1
/content/wangdataset/Images/181.jpg,1
/content/wangdataset/Images/302.jpg,3
/content/wangdataset/Images/407.jpg,4
/content/wangdataset/Images/611.jpg,6
/content/wangdataset/Images/33.jpg,0
/content/wangdataset/Images/239.jpg,2
/content/wangdataset/Images/829.jpg,8
/content/wangdataset/Images/452.jpg,4
/content/wangdataset/Images/233.jpg,2
/content/wangdataset/Images/252.jpg,2
/content/wangdataset/Images/768.jpg,7
/content/wangdataset/Images/66.jpg,0
/content/wangdataset/Images/935.jpg,9
/content/wangdataset/Images/10.jpg,0
/content/wangdataset/Images/849.jpg,8
/content/wangdataset/Images/384.jpg,3
/content/wangdataset/Images/781.jpg,7
/content/wangdataset/Images/411.jpg,4
/content/wangdataset/Images/891.jpg,8
/content/wangdataset/Images/311.jpg,3
/content/wangdataset/Images/690.jpg,6
/content/wangdataset/Images/897.jpg,8
/content/wangdataset/Images/509.jpg,5
/content/wangdataset/Images/332.jpg,3
/content/wangdataset/Images/285.jpg,2
/content/wangdataset/Images/154.jpg,1
/content/wangdataset/Images/727.jpg,7
/content/wangdataset/Images/900.jpg,9
/content/wangdataset/Images/729.jpg,7
/content/wangdataset/Images/615.jpg,6
/content/wangdataset/Images/624.jpg,6
/content/wangdataset/Images/304.jpg,3
/content/wangdataset/Images/793.jpg,7
/content/wangdataset/Images/506.jpg,5
/content/wangdataset/Images/278.jpg,2
/content/wangdataset/Images/519.jpg,5
/content/wangdataset/Images/63.jpg,0
/content/wangdataset/Images/117.jpg,1
/content/wangdataset/Images/385.jpg,3
/content/wangdataset/Images/173.jpg,1
/content/wangdataset/Images/357.jpg,3
/content/wangdataset/Images/496.jpg,4
/content/wangdataset/Images/740.jpg,7
/content/wangdataset/Images/392.jpg,3
/content/wangdataset/Images/408.jpg,4
/content/wangdataset/Images/728.jpg,7
/content/wangdataset/Images/990.jpg,9
/content/wangdataset/Images/328.jpg,3
/content/wangdataset/Images/705.jpg,7
/content/wangdataset/Images/503.jpg,5
/content/wangdataset/Images/693.jpg,6
/content/wangdataset/Images/432.jpg,4
/content/wangdataset/Images/333.jpg,3
/content/wangdataset/Images/691.jpg,6
/content/wangdataset/Images/662.jpg,6
/content/wangdataset/Images/783.jpg,7
/content/wangdataset/Images/595.jpg,5
/content/wangdataset/Images/101.jpg,1
/content/wangdataset/Images/226.jpg,2
/content/wangdataset/Images/960.jpg,9
/content/wangdataset/Images/137.jpg,1
/content/wangdataset/Images/305.jpg,3
/content/wangdataset/Images/883.jpg,8
/content/wangdataset/Images/776.jpg,7
/content/wangdataset/Images/714.jpg,7
/content/wangdataset/Images/813.jpg,8
/content/wangdataset/Images/674.jpg,6
/content/wangdataset/Images/140.jpg,1
/content/wangdataset/Images/574.jpg,5
/content/wangdataset/Images/683.jpg,6
/content/wangdataset/Images/490.jpg,4
/content/wangdataset/Images/716.jpg,7
/content/wangdataset/Images/440.jpg,4
/content/wangdataset/Images/550.jpg,5
/content/wangdataset/Images/12.jpg,0
/content/wangdataset/Images/418.jpg,4
/content/wangdataset/Images/259.jpg,2
/content/wangdataset/Images/749.jpg,7
/content/wangdataset/Images/57.jpg,0
/content/wangdataset/Images/128.jpg,1
/content/wangdataset/Images/486.jpg,4
/content/wangdataset/Images/483.jpg,4
/content/wangdataset/Images/428.jpg,4
/content/wangdataset/Images/469.jpg,4
/content/wangdataset/Images/937.jpg,9
/content/wangdataset/Images/35.jpg,0
/content/wangdataset/Images/498.jpg,4
/content/wangdataset/Images/135.jpg,1
/content/wangdataset/Images/91.jpg,0
/content/wangdataset/Images/351.jpg,3
/content/wangdataset/Images/6.jpg,0
/content/wangdataset/Images/55.jpg,0
/content/wangdataset/Images/231.jpg,2
/content/wangdataset/Images/60.jpg,0
/content/wangdataset/Images/907.jpg,9
/content/wangdataset/Images/367.jpg,3
/content/wangdataset/Images/923.jpg,9
/content/wangdataset/Images/119.jpg,1
/content/wangdataset/Images/13.jpg,0
/content/wangdataset/Images/228.jpg,2
/content/wangdataset/Images/984.jpg,9
/content/wangdataset/Images/161.jpg,1
/content/wangdataset/Images/721.jpg,7
/content/wangdataset/Images/584.jpg,5
/content/wangdataset/Images/238.jpg,2
/content/wangdataset/Images/429.jpg,4
/content/wangdataset/Images/481.jpg,4
/content/wangdataset/Images/824.jpg,8
/content/wangdataset/Images/267.jpg,2
/content/wangdataset/Images/324.jpg,3
/content/wangdataset/Images/821.jpg,8
/content/wangdataset/Images/293.jpg,2
/content/wangdataset/Images/625.jpg,6
/content/wangdataset/Images/467.jpg,4
/content/wangdataset/Images/841.jpg,8
/content/wangdataset/Images/192.jpg,1
/content/wangdataset/Images/497.jpg,4
/content/wangdataset/Images/143.jpg,1
/content/wangdataset/Images/147.jpg,1
/content/wangdataset/Images/981.jpg,9
/content/wangdataset/Images/785.jpg,7
/content/wangdataset/Images/499.jpg,4
/content/wangdataset/Images/569.jpg,5
/content/wangdataset/Images/566.jpg,5
/content/wangdataset/Images/212.jpg,2
/content/wangdataset/Images/839.jpg,8
/content/wangdataset/Images/521.jpg,5
/content/wangdataset/Images/760.jpg,7
/content/wangdataset/Images/369.jpg,3
/content/wangdataset/Images/406.jpg,4
/content/wangdataset/Images/522.jpg,5
/content/wangdataset/Images/830.jpg,8
/content/wangdataset/Images/979.jpg,9
/content/wangdataset/Images/16.jpg,0
/content/wangdataset/Images/545.jpg,5
/content/wangdataset/Images/223.jpg,2
/content/wangdataset/Images/532.jpg,5
/content/wangdataset/Images/327.jpg,3
/content/wangdataset/Images/317.jpg,3
/content/wangdataset/Images/559.jpg,5
/content/wangdataset/Images/153.jpg,1
/content/wangdataset/Images/571.jpg,5
/content/wangdataset/Images/817.jpg,8
/content/wangdataset/Images/446.jpg,4
/content/wangdataset/Images/403.jpg,4
/content/wangdataset/Images/276.jpg,2
/content/wangdataset/Images/954.jpg,9
/content/wangdataset/Images/967.jpg,9
/content/wangdataset/Images/834.jpg,8
/content/wangdataset/Images/601.jpg,6
/content/wangdataset/Images/463.jpg,4
/content/wangdataset/Images/360.jpg,3
/content/wangdataset/Images/451.jpg,4
/content/wangdataset/Images/115.jpg,1
/content/wangdataset/Images/650.jpg,6
/content/wangdataset/Images/725.jpg,7
/content/wangdataset/Images/673.jpg,6
/content/wangdataset/Images/433.jpg,4
/content/wangdataset/Images/378.jpg,3
/content/wangdataset/Images/415.jpg,4
/content/wangdataset/Images/963.jpg,9
/content/wangdataset/Images/637.jpg,6
/content/wangdataset/Images/743.jpg,7
/content/wangdataset/Images/694.jpg,6
/content/wangdataset/Images/529.jpg,5
/content/wangdataset/Images/425.jpg,4
/content/wangdataset/Images/82.jpg,0
/content/wangdataset/Images/933.jpg,9
/content/wangdataset/Images/209.jpg,2
/content/wangdataset/Images/916.jpg,9
/content/wangdataset/Images/896.jpg,8
/content/wangdataset/Images/692.jpg,6
/content/wangdataset/Images/471.jpg,4
/content/wangdataset/Images/470.jpg,4
/content/wangdataset/Images/191.jpg,1
/content/wangdataset/Images/708.jpg,7
/content/wangdataset/Images/507.jpg,5
/content/wangdataset/Images/870.jpg,8
/content/wangdataset/Images/718.jpg,7
/content/wangdataset/Images/59.jpg,0
/content/wangdataset/Images/881.jpg,8
/content/wangdataset/Images/370.jpg,3
/content/wangdataset/Images/751.jpg,7
/content/wangdataset/Images/696.jpg,6
/content/wangdataset/Images/536.jpg,5
/content/wangdataset/Images/753.jpg,7
/content/wangdataset/Images/182.jpg,1
/content/wangdataset/Images/160.jpg,1
/content/wangdataset/Images/642.jpg,6
/content/wangdataset/Images/44.jpg,0
/content/wangdataset/Images/672.jpg,6
/content/wangdataset/Images/272.jpg,2
/content/wangdataset/Images/941.jpg,9
/content/wangdataset/Images/956.jpg,9
/content/wangdataset/Images/973.jpg,9
/content/wangdataset/Images/316.jpg,3
/content/wangdataset/Images/68.jpg,0
/content/wangdataset/Images/270.jpg,2
/content/wangdataset/Images/605.jpg,6
/content/wangdataset/Images/609.jpg,6
/content/wangdataset/Images/18.jpg,0
/content/wangdataset/Images/396.jpg,3
/content/wangdataset/Images/319.jpg,3
/content/wangdataset/Images/664.jpg,6
/content/wangdataset/Images/634.jpg,6
/content/wangdataset/Images/887.jpg,8
/content/wangdataset/Images/564.jpg,5
/content/wangdataset/Images/949.jpg,9
/content/wangdataset/Images/635.jpg,6
/content/wangdataset/Images/2.jpg,0
/content/wangdataset/Images/778.jpg,7
/content/wangdataset/Images/952.jpg,9
/content/wangdataset/Images/525.jpg,5
/content/wangdataset/Images/410.jpg,4
/content/wangdataset/Images/199.jpg,1
/content/wangdataset/Images/695.jpg,6
/content/wangdataset/Images/144.jpg,1
/content/wangdataset/Images/752.jpg,7
/content/wangdataset/Images/902.jpg,9
/content/wangdataset/Images/213.jpg,2
/content/wangdataset/Images/939.jpg,9
/content/wangdataset/Images/420.jpg,4
/content/wangdataset/Images/983.jpg,9
/content/wangdataset/Images/113.jpg,1
/content/wangdataset/Images/242.jpg,2
/content/wangdataset/Images/644.jpg,6
/content/wangdataset/Images/14.jpg,0
/content/wangdataset/Images/915.jpg,9
/content/wangdataset/Images/628.jpg,6
/content/wangdataset/Images/215.jpg,2
/content/wangdataset/Images/604.jpg,6
/content/wangdataset/Images/731.jpg,7
/content/wangdataset/Images/711.jpg,7
/content/wangdataset/Images/895.jpg,8
/content/wangdataset/Images/108.jpg,1
/content/wangdataset/Images/806.jpg,8
/content/wangdataset/Images/640.jpg,6
/content/wangdataset/Images/295.jpg,2
/content/wangdataset/Images/585.jpg,5
/content/wangdataset/Images/515.jpg,5
/content/wangdataset/Images/488.jpg,4
/content/wangdataset/Images/905.jpg,9
/content/wangdataset/Images/717.jpg,7
/content/wangdataset/Images/413.jpg,4
/content/wangdataset/Images/348.jpg,3
/content/wangdataset/Images/297.jpg,2
/content/wangdataset/Images/393.jpg,3
/content/wangdataset/Images/787.jpg,7
/content/wangdataset/Images/362.jpg,3
/content/wangdataset/Images/41.jpg,0
/content/wangdataset/Images/684.jpg,6
/content/wangdataset/Images/871.jpg,8
/content/wangdataset/Images/558.jpg,5
/content/wangdataset/Images/957.jpg,9
/content/wangdataset/Images/202.jpg,2
/content/wangdataset/Images/196.jpg,1
/content/wangdataset/Images/556.jpg,5
/content/wangdataset/Images/478.jpg,4
/content/wangdataset/Images/622.jpg,6
/content/wangdataset/Images/265.jpg,2
/content/wangdataset/Images/289.jpg,2
/content/wangdataset/Images/514.jpg,5
/content/wangdataset/Images/356.jpg,3
/content/wangdataset/Images/773.jpg,7
/content/wangdataset/Images/733.jpg,7
/content/wangdataset/Images/188.jpg,1
/content/wangdataset/Images/654.jpg,6
/content/wangdataset/Images/284.jpg,2
/content/wangdataset/Images/932.jpg,9
/content/wangdataset/Images/703.jpg,7
/content/wangdataset/Images/279.jpg,2
/content/wangdataset/Images/148.jpg,1
/content/wangdataset/Images/419.jpg,4
/content/wangdataset/Images/286.jpg,2
/content/wangdataset/Images/299.jpg,2
/content/wangdataset/Images/855.jpg,8
/content/wangdataset/Images/283.jpg,2
/content/wangdataset/Images/668.jpg,6
/content/wangdataset/Images/309.jpg,3
/content/wangdataset/Images/72.jpg,0
/content/wangdataset/Images/303.jpg,3
/content/wangdataset/Images/245.jpg,2
/content/wangdataset/Images/38.jpg,0
/content/wangdataset/Images/909.jpg,9
/content/wangdataset/Images/390.jpg,3
/content/wangdataset/Images/885.jpg,8
/content/wangdataset/Images/810.jpg,8
/content/wangdataset/Images/745.jpg,7
/content/wangdataset/Images/523.jpg,5
/content/wangdataset/Images/296.jpg,2
/content/wangdataset/Images/240.jpg,2
/content/wangdataset/Images/8.jpg,0
/content/wangdataset/Images/722.jpg,7
/content/wangdataset/Images/254.jpg,2
/content/wangdataset/Images/39.jpg,0
/content/wangdataset/Images/145.jpg,1
/content/wangdataset/Images/83.jpg,0
/content/wangdataset/Images/216.jpg,2
/content/wangdataset/Images/291.jpg,2
/content/wangdataset/Images/563.jpg,5
/content/wangdataset/Images/243.jpg,2
/content/wangdataset/Images/67.jpg,0
/content/wangdataset/Images/269.jpg,2
/content/wangdataset/Images/149.jpg,1
/content/wangdataset/Images/312.jpg,3
/content/wangdataset/Images/791.jpg,7
/content/wangdataset/Images/992.jpg,9
/content/wangdataset/Images/588.jpg,5
/content/wangdataset/Images/762.jpg,7
/content/wangdataset/Images/661.jpg,6
/content/wangdataset/Images/479.jpg,4
/content/wangdataset/Images/918.jpg,9
/content/wangdataset/Images/54.jpg,0
/content/wangdataset/Images/652.jpg,6
/content/wangdataset/Images/61.jpg,0
/content/wangdataset/Images/375.jpg,3
/content/wangdataset/Images/183.jpg,1
/content/wangdataset/Images/858.jpg,8
/content/wangdataset/Images/707.jpg,7
/content/wangdataset/Images/914.jpg,9
/content/wangdataset/Images/912.jpg,9
/content/wangdataset/Images/510.jpg,5
/content/wangdataset/Images/208.jpg,2
/content/wangdataset/Images/893.jpg,8
/content/wangdataset/Images/882.jpg,8
/content/wangdataset/Images/322.jpg,3
/content/wangdataset/Images/74.jpg,0
/content/wangdataset/Images/52.jpg,0
/content/wangdataset/Images/307.jpg,3
/content/wangdataset/Images/50.jpg,0
/content/wangdataset/Images/500.jpg,5
/content/wangdataset/Images/719.jpg,7
/content/wangdataset/Images/368.jpg,3
/content/wangdataset/Images/64.jpg,0
/content/wangdataset/Images/597.jpg,5
/content/wangdataset/Images/549.jpg,5
/content/wangdataset/Images/790.jpg,7
/content/wangdataset/Images/273.jpg,2
/content/wangdataset/Images/493.jpg,4
/content/wangdataset/Images/178.jpg,1
/content/wangdataset/Images/132.jpg,1
/content/wangdataset/Images/856.jpg,8
/content/wangdataset/Images/978.jpg,9
/content/wangdataset/Images/398.jpg,3
/content/wangdataset/Images/230.jpg,2
/content/wangdataset/Images/754.jpg,7
/content/wangdataset/Images/962.jpg,9
/content/wangdataset/Images/530.jpg,5
/content/wangdataset/Images/989.jpg,9
/content/wangdataset/Images/643.jpg,6
/content/wangdataset/Images/769.jpg,7
/content/wangdataset/Images/290.jpg,2
/content/wangdataset/Images/677.jpg,6
/content/wangdataset/Images/421.jpg,4
/content/wangdataset/Images/136.jpg,1
/content/wangdataset/Images/715.jpg,7
